,Source,Target,Weight
0,Brigham Young,Joseph Smith,123
1,Brigham Young,Wilford Woodruff,44
2,Brigham Young,John Taylor,53
3,Brigham Young,George Q. Cannon,23
4,Brigham Young,George A. Smith,58
5,Brigham Young,Heber C. Kimball,71
6,Brigham Young,Joseph F. Smith,15
7,Brigham Young,Orson Pratt,46
8,Brigham Young,Daniel H. Wells,37
9,Brigham Young,Reed Smoot,5
10,Brigham Young,John D. Lee,28
11,Brigham Young,Heber J. Grant,4
12,Brigham Young,John Wesley Powell,2
13,Brigham Young,Jacob Hamblin,19
14,Brigham Young,Theodore Roosevelt,2
15,Brigham Young,Abraham Lincoln,20
16,Brigham Young,James Buchanan,32
17,Brigham Young,Parley P. Pratt,20
18,Brigham Young,B. H. Roberts,5
19,Brigham Young,Simon Bamberger,1
20,Brigham Young,Franklin D. Richards,19
21,Brigham Young,Lorenzo Snow,24
22,Brigham Young,Heber M. Wells,2
23,Brigham Young,Franklin D. Roosevelt,0
24,Brigham Young,William Spry,2
25,Brigham Young,Thomas Kearns,3
26,Brigham Young,Willard Richards,30
27,Brigham Young,Orson Hyde,24
28,Brigham Young,Uncle Sam,4
29,Brigham Young,Lot Smith,14
30,Brigham Young,Albert Sidney Johnston,15
31,Brigham Young,Woodrow Wilson,1
32,Brigham Young,Juanita Brooks,5
33,Brigham Young,Thomas L. Kane,22
34,Brigham Young,Jim Bridger,12
35,Brigham Young,John C. Fremont,3
36,Brigham Young,Leonard Arrington,7
37,Brigham Young,Howard Stansbury,4
38,Brigham Young,John T. Caine,9
39,Brigham Young,Erastus Snow,21
40,Brigham Young,Orson F. Whitney,3
41,Brigham Young,David O. McKay,7
42,Brigham Young,Kit Carson,2
43,Brigham Young,William H. King,1
44,Brigham Young,Emmeline B. Wells,8
45,Brigham Young,Andrew Jenson,4
46,Brigham Young,Grover Cleveland,1
47,Brigham Young,Charles Kelly,1
48,Brigham Young,Frank J. Cannon,2
49,Joseph Smith,Wilford Woodruff,9
50,Joseph Smith,John Taylor,15
51,Joseph Smith,George Q. Cannon,2
52,Joseph Smith,George A. Smith,9
53,Joseph Smith,Heber C. Kimball,12
54,Joseph Smith,Joseph F. Smith,4
55,Joseph Smith,Orson Pratt,13
56,Joseph Smith,Daniel H. Wells,0
57,Joseph Smith,Reed Smoot,1
58,Joseph Smith,John D. Lee,6
59,Joseph Smith,Heber J. Grant,0
60,Joseph Smith,John Wesley Powell,0
61,Joseph Smith,Jacob Hamblin,1
62,Joseph Smith,Theodore Roosevelt,0
63,Joseph Smith,Abraham Lincoln,2
64,Joseph Smith,James Buchanan,0
65,Joseph Smith,Parley P. Pratt,7
66,Joseph Smith,B. H. Roberts,2
67,Joseph Smith,Simon Bamberger,0
68,Joseph Smith,Franklin D. Richards,2
69,Joseph Smith,Lorenzo Snow,2
70,Joseph Smith,Heber M. Wells,0
71,Joseph Smith,Franklin D. Roosevelt,0
72,Joseph Smith,William Spry,1
73,Joseph Smith,Thomas Kearns,0
74,Joseph Smith,Willard Richards,11
75,Joseph Smith,Orson Hyde,4
76,Joseph Smith,Uncle Sam,1
77,Joseph Smith,Lot Smith,1
78,Joseph Smith,Albert Sidney Johnston,0
79,Joseph Smith,Woodrow Wilson,0
80,Joseph Smith,Juanita Brooks,3
81,Joseph Smith,Thomas L. Kane,2
82,Joseph Smith,Jim Bridger,0
83,Joseph Smith,John C. Fremont,1
84,Joseph Smith,Leonard Arrington,1
85,Joseph Smith,Howard Stansbury,1
86,Joseph Smith,John T. Caine,0
87,Joseph Smith,Erastus Snow,2
88,Joseph Smith,Orson F. Whitney,1
89,Joseph Smith,David O. McKay,3
90,Joseph Smith,Kit Carson,0
91,Joseph Smith,William H. King,0
92,Joseph Smith,Emmeline B. Wells,0
93,Joseph Smith,Andrew Jenson,1
94,Joseph Smith,Grover Cleveland,0
95,Joseph Smith,Charles Kelly,0
96,Joseph Smith,Frank J. Cannon,0
97,Wilford Woodruff,John Taylor,19
98,Wilford Woodruff,George Q. Cannon,34
99,Wilford Woodruff,George A. Smith,9
100,Wilford Woodruff,Heber C. Kimball,6
101,Wilford Woodruff,Joseph F. Smith,20
102,Wilford Woodruff,Orson Pratt,6
103,Wilford Woodruff,Daniel H. Wells,5
104,Wilford Woodruff,Reed Smoot,0
105,Wilford Woodruff,John D. Lee,0
106,Wilford Woodruff,Heber J. Grant,1
107,Wilford Woodruff,John Wesley Powell,0
108,Wilford Woodruff,Jacob Hamblin,2
109,Wilford Woodruff,Theodore Roosevelt,0
110,Wilford Woodruff,Abraham Lincoln,1
111,Wilford Woodruff,James Buchanan,1
112,Wilford Woodruff,Parley P. Pratt,2
113,Wilford Woodruff,B. H. Roberts,3
114,Wilford Woodruff,Simon Bamberger,0
115,Wilford Woodruff,Franklin D. Richards,7
116,Wilford Woodruff,Lorenzo Snow,12
117,Wilford Woodruff,Heber M. Wells,1
118,Wilford Woodruff,Franklin D. Roosevelt,0
119,Wilford Woodruff,William Spry,0
120,Wilford Woodruff,Thomas Kearns,0
121,Wilford Woodruff,Willard Richards,4
122,Wilford Woodruff,Orson Hyde,4
123,Wilford Woodruff,Uncle Sam,1
124,Wilford Woodruff,Lot Smith,1
125,Wilford Woodruff,Albert Sidney Johnston,0
126,Wilford Woodruff,Woodrow Wilson,0
127,Wilford Woodruff,Juanita Brooks,0
128,Wilford Woodruff,Thomas L. Kane,2
129,Wilford Woodruff,Jim Bridger,0
130,Wilford Woodruff,John C. Fremont,0
131,Wilford Woodruff,Leonard Arrington,0
132,Wilford Woodruff,Howard Stansbury,0
133,Wilford Woodruff,John T. Caine,0
134,Wilford Woodruff,Erastus Snow,3
135,Wilford Woodruff,Orson F. Whitney,0
136,Wilford Woodruff,David O. McKay,0
137,Wilford Woodruff,Kit Carson,0
138,Wilford Woodruff,William H. King,0
139,Wilford Woodruff,Emmeline B. Wells,0
140,Wilford Woodruff,Andrew Jenson,1
141,Wilford Woodruff,Grover Cleveland,2
142,Wilford Woodruff,Charles Kelly,0
143,Wilford Woodruff,Frank J. Cannon,3
144,John Taylor,George Q. Cannon,16
145,John Taylor,George A. Smith,11
146,John Taylor,Heber C. Kimball,4
147,John Taylor,Joseph F. Smith,7
148,John Taylor,Orson Pratt,8
149,John Taylor,Daniel H. Wells,7
150,John Taylor,Reed Smoot,0
151,John Taylor,John D. Lee,0
152,John Taylor,Heber J. Grant,0
153,John Taylor,John Wesley Powell,0
154,John Taylor,Jacob Hamblin,0
155,John Taylor,Theodore Roosevelt,0
156,John Taylor,Abraham Lincoln,0
157,John Taylor,James Buchanan,0
158,John Taylor,Parley P. Pratt,5
159,John Taylor,B. H. Roberts,1
160,John Taylor,Simon Bamberger,0
161,John Taylor,Franklin D. Richards,8
162,John Taylor,Lorenzo Snow,7
163,John Taylor,Heber M. Wells,0
164,John Taylor,Franklin D. Roosevelt,0
165,John Taylor,William Spry,0
166,John Taylor,Thomas Kearns,0
167,John Taylor,Willard Richards,6
168,John Taylor,Orson Hyde,5
169,John Taylor,Uncle Sam,0
170,John Taylor,Lot Smith,1
171,John Taylor,Albert Sidney Johnston,0
172,John Taylor,Woodrow Wilson,0
173,John Taylor,Juanita Brooks,0
174,John Taylor,Thomas L. Kane,0
175,John Taylor,Jim Bridger,0
176,John Taylor,John C. Fremont,0
177,John Taylor,Leonard Arrington,0
178,John Taylor,Howard Stansbury,0
179,John Taylor,John T. Caine,0
180,John Taylor,Erastus Snow,4
181,John Taylor,Orson F. Whitney,0
182,John Taylor,David O. McKay,0
183,John Taylor,Kit Carson,0
184,John Taylor,William H. King,0
185,John Taylor,Emmeline B. Wells,0
186,John Taylor,Andrew Jenson,0
187,John Taylor,Grover Cleveland,1
188,John Taylor,Charles Kelly,0
189,John Taylor,Frank J. Cannon,0
190,George Q. Cannon,George A. Smith,5
191,George Q. Cannon,Heber C. Kimball,1
192,George Q. Cannon,Joseph F. Smith,26
193,George Q. Cannon,Orson Pratt,4
194,George Q. Cannon,Daniel H. Wells,3
195,George Q. Cannon,Reed Smoot,1
196,George Q. Cannon,John D. Lee,0
197,George Q. Cannon,Heber J. Grant,2
198,George Q. Cannon,John Wesley Powell,0
199,George Q. Cannon,Jacob Hamblin,1
200,George Q. Cannon,Theodore Roosevelt,0
201,George Q. Cannon,Abraham Lincoln,0
202,George Q. Cannon,James Buchanan,1
203,George Q. Cannon,Parley P. Pratt,0
204,George Q. Cannon,B. H. Roberts,2
205,George Q. Cannon,Simon Bamberger,0
206,George Q. Cannon,Franklin D. Richards,7
207,George Q. Cannon,Lorenzo Snow,3
208,George Q. Cannon,Heber M. Wells,2
209,George Q. Cannon,Franklin D. Roosevelt,0
210,George Q. Cannon,William Spry,0
211,George Q. Cannon,Thomas Kearns,0
212,George Q. Cannon,Willard Richards,0
213,George Q. Cannon,Orson Hyde,1
214,George Q. Cannon,Uncle Sam,0
215,George Q. Cannon,Lot Smith,1
216,George Q. Cannon,Albert Sidney Johnston,0
217,George Q. Cannon,Woodrow Wilson,0
218,George Q. Cannon,Juanita Brooks,0
219,George Q. Cannon,Thomas L. Kane,0
220,George Q. Cannon,Jim Bridger,0
221,George Q. Cannon,John C. Fremont,0
222,George Q. Cannon,Leonard Arrington,0
223,George Q. Cannon,Howard Stansbury,0
224,George Q. Cannon,John T. Caine,1
225,George Q. Cannon,Erastus Snow,1
226,George Q. Cannon,Orson F. Whitney,2
227,George Q. Cannon,David O. McKay,0
228,George Q. Cannon,Kit Carson,0
229,George Q. Cannon,William H. King,0
230,George Q. Cannon,Emmeline B. Wells,1
231,George Q. Cannon,Andrew Jenson,2
232,George Q. Cannon,Grover Cleveland,1
233,George Q. Cannon,Charles Kelly,0
234,George Q. Cannon,Frank J. Cannon,8
235,George A. Smith,Heber C. Kimball,6
236,George A. Smith,Joseph F. Smith,2
237,George A. Smith,Orson Pratt,7
238,George A. Smith,Daniel H. Wells,5
239,George A. Smith,Reed Smoot,0
240,George A. Smith,John D. Lee,1
241,George A. Smith,Heber J. Grant,1
242,George A. Smith,John Wesley Powell,0
243,George A. Smith,Jacob Hamblin,7
244,George A. Smith,Theodore Roosevelt,0
245,George A. Smith,Abraham Lincoln,0
246,George A. Smith,James Buchanan,0
247,George A. Smith,Parley P. Pratt,0
248,George A. Smith,B. H. Roberts,0
249,George A. Smith,Simon Bamberger,0
250,George A. Smith,Franklin D. Richards,4
251,George A. Smith,Lorenzo Snow,4
252,George A. Smith,Heber M. Wells,0
253,George A. Smith,Franklin D. Roosevelt,0
254,George A. Smith,William Spry,0
255,George A. Smith,Thomas Kearns,0
256,George A. Smith,Willard Richards,4
257,George A. Smith,Orson Hyde,5
258,George A. Smith,Uncle Sam,0
259,George A. Smith,Lot Smith,1
260,George A. Smith,Albert Sidney Johnston,1
261,George A. Smith,Woodrow Wilson,0
262,George A. Smith,Juanita Brooks,1
263,George A. Smith,Thomas L. Kane,0
264,George A. Smith,Jim Bridger,0
265,George A. Smith,John C. Fremont,1
266,George A. Smith,Leonard Arrington,0
267,George A. Smith,Howard Stansbury,0
268,George A. Smith,John T. Caine,0
269,George A. Smith,Erastus Snow,9
270,George A. Smith,Orson F. Whitney,0
271,George A. Smith,David O. McKay,0
272,George A. Smith,Kit Carson,0
273,George A. Smith,William H. King,0
274,George A. Smith,Emmeline B. Wells,0
275,George A. Smith,Andrew Jenson,0
276,George A. Smith,Grover Cleveland,0
277,George A. Smith,Charles Kelly,0
278,George A. Smith,Frank J. Cannon,0
279,Heber C. Kimball,Joseph F. Smith,0
280,Heber C. Kimball,Orson Pratt,4
281,Heber C. Kimball,Daniel H. Wells,8
282,Heber C. Kimball,Reed Smoot,0
283,Heber C. Kimball,John D. Lee,3
284,Heber C. Kimball,Heber J. Grant,0
285,Heber C. Kimball,John Wesley Powell,0
286,Heber C. Kimball,Jacob Hamblin,0
287,Heber C. Kimball,Theodore Roosevelt,0
288,Heber C. Kimball,Abraham Lincoln,0
289,Heber C. Kimball,James Buchanan,0
290,Heber C. Kimball,Parley P. Pratt,6
291,Heber C. Kimball,B. H. Roberts,0
292,Heber C. Kimball,Simon Bamberger,0
293,Heber C. Kimball,Franklin D. Richards,2
294,Heber C. Kimball,Lorenzo Snow,0
295,Heber C. Kimball,Heber M. Wells,0
296,Heber C. Kimball,Franklin D. Roosevelt,0
297,Heber C. Kimball,William Spry,0
298,Heber C. Kimball,Thomas Kearns,0
299,Heber C. Kimball,Willard Richards,14
300,Heber C. Kimball,Orson Hyde,2
301,Heber C. Kimball,Uncle Sam,1
302,Heber C. Kimball,Lot Smith,0
303,Heber C. Kimball,Albert Sidney Johnston,0
304,Heber C. Kimball,Woodrow Wilson,0
305,Heber C. Kimball,Juanita Brooks,0
306,Heber C. Kimball,Thomas L. Kane,0
307,Heber C. Kimball,Jim Bridger,0
308,Heber C. Kimball,John C. Fremont,0
309,Heber C. Kimball,Leonard Arrington,0
310,Heber C. Kimball,Howard Stansbury,0
311,Heber C. Kimball,John T. Caine,0
312,Heber C. Kimball,Erastus Snow,1
313,Heber C. Kimball,Orson F. Whitney,0
314,Heber C. Kimball,David O. McKay,0
315,Heber C. Kimball,Kit Carson,0
316,Heber C. Kimball,William H. King,0
317,Heber C. Kimball,Emmeline B. Wells,0
318,Heber C. Kimball,Andrew Jenson,0
319,Heber C. Kimball,Grover Cleveland,0
320,Heber C. Kimball,Charles Kelly,0
321,Heber C. Kimball,Frank J. Cannon,0
322,Joseph F. Smith,Orson Pratt,1
323,Joseph F. Smith,Daniel H. Wells,2
324,Joseph F. Smith,Reed Smoot,15
325,Joseph F. Smith,John D. Lee,0
326,Joseph F. Smith,Heber J. Grant,14
327,Joseph F. Smith,John Wesley Powell,0
328,Joseph F. Smith,Jacob Hamblin,0
329,Joseph F. Smith,Theodore Roosevelt,0
330,Joseph F. Smith,Abraham Lincoln,0
331,Joseph F. Smith,James Buchanan,0
332,Joseph F. Smith,Parley P. Pratt,0
333,Joseph F. Smith,B. H. Roberts,5
334,Joseph F. Smith,Simon Bamberger,1
335,Joseph F. Smith,Franklin D. Richards,1
336,Joseph F. Smith,Lorenzo Snow,9
337,Joseph F. Smith,Heber M. Wells,0
338,Joseph F. Smith,Franklin D. Roosevelt,0
339,Joseph F. Smith,William Spry,3
340,Joseph F. Smith,Thomas Kearns,4
341,Joseph F. Smith,Willard Richards,0
342,Joseph F. Smith,Orson Hyde,1
343,Joseph F. Smith,Uncle Sam,1
344,Joseph F. Smith,Lot Smith,1
345,Joseph F. Smith,Albert Sidney Johnston,0
346,Joseph F. Smith,Woodrow Wilson,0
347,Joseph F. Smith,Juanita Brooks,0
348,Joseph F. Smith,Thomas L. Kane,0
349,Joseph F. Smith,Jim Bridger,0
350,Joseph F. Smith,John C. Fremont,0
351,Joseph F. Smith,Leonard Arrington,0
352,Joseph F. Smith,Howard Stansbury,0
353,Joseph F. Smith,John T. Caine,2
354,Joseph F. Smith,Erastus Snow,0
355,Joseph F. Smith,Orson F. Whitney,1
356,Joseph F. Smith,David O. McKay,2
357,Joseph F. Smith,Kit Carson,0
358,Joseph F. Smith,William H. King,2
359,Joseph F. Smith,Emmeline B. Wells,0
360,Joseph F. Smith,Andrew Jenson,1
361,Joseph F. Smith,Grover Cleveland,0
362,Joseph F. Smith,Charles Kelly,0
363,Joseph F. Smith,Frank J. Cannon,3
364,Orson Pratt,Daniel H. Wells,1
365,Orson Pratt,Reed Smoot,0
366,Orson Pratt,John D. Lee,2
367,Orson Pratt,Heber J. Grant,0
368,Orson Pratt,John Wesley Powell,1
369,Orson Pratt,Jacob Hamblin,1
370,Orson Pratt,Theodore Roosevelt,1
371,Orson Pratt,Abraham Lincoln,0
372,Orson Pratt,James Buchanan,0
373,Orson Pratt,Parley P. Pratt,6
374,Orson Pratt,B. H. Roberts,1
375,Orson Pratt,Simon Bamberger,0
376,Orson Pratt,Franklin D. Richards,8
377,Orson Pratt,Lorenzo Snow,4
378,Orson Pratt,Heber M. Wells,0
379,Orson Pratt,Franklin D. Roosevelt,0
380,Orson Pratt,William Spry,0
381,Orson Pratt,Thomas Kearns,0
382,Orson Pratt,Willard Richards,3
383,Orson Pratt,Orson Hyde,0
384,Orson Pratt,Uncle Sam,1
385,Orson Pratt,Lot Smith,0
386,Orson Pratt,Albert Sidney Johnston,0
387,Orson Pratt,Woodrow Wilson,0
388,Orson Pratt,Juanita Brooks,0
389,Orson Pratt,Thomas L. Kane,1
390,Orson Pratt,Jim Bridger,1
391,Orson Pratt,John C. Fremont,0
392,Orson Pratt,Leonard Arrington,0
393,Orson Pratt,Howard Stansbury,0
394,Orson Pratt,John T. Caine,0
395,Orson Pratt,Erastus Snow,8
396,Orson Pratt,Orson F. Whitney,0
397,Orson Pratt,David O. McKay,0
398,Orson Pratt,Kit Carson,0
399,Orson Pratt,William H. King,0
400,Orson Pratt,Emmeline B. Wells,2
401,Orson Pratt,Andrew Jenson,1
402,Orson Pratt,Grover Cleveland,0
403,Orson Pratt,Charles Kelly,0
404,Orson Pratt,Frank J. Cannon,0
405,Daniel H. Wells,Reed Smoot,0
406,Daniel H. Wells,John D. Lee,0
407,Daniel H. Wells,Heber J. Grant,0
408,Daniel H. Wells,John Wesley Powell,0
409,Daniel H. Wells,Jacob Hamblin,0
410,Daniel H. Wells,Theodore Roosevelt,0
411,Daniel H. Wells,Abraham Lincoln,0
412,Daniel H. Wells,James Buchanan,1
413,Daniel H. Wells,Parley P. Pratt,3
414,Daniel H. Wells,B. H. Roberts,1
415,Daniel H. Wells,Simon Bamberger,0
416,Daniel H. Wells,Franklin D. Richards,1
417,Daniel H. Wells,Lorenzo Snow,2
418,Daniel H. Wells,Heber M. Wells,3
419,Daniel H. Wells,Franklin D. Roosevelt,0
420,Daniel H. Wells,William Spry,0
421,Daniel H. Wells,Thomas Kearns,0
422,Daniel H. Wells,Willard Richards,2
423,Daniel H. Wells,Orson Hyde,1
424,Daniel H. Wells,Uncle Sam,0
425,Daniel H. Wells,Lot Smith,2
426,Daniel H. Wells,Albert Sidney Johnston,2
427,Daniel H. Wells,Woodrow Wilson,0
428,Daniel H. Wells,Juanita Brooks,0
429,Daniel H. Wells,Thomas L. Kane,0
430,Daniel H. Wells,Jim Bridger,0
431,Daniel H. Wells,John C. Fremont,0
432,Daniel H. Wells,Leonard Arrington,0
433,Daniel H. Wells,Howard Stansbury,0
434,Daniel H. Wells,John T. Caine,1
435,Daniel H. Wells,Erastus Snow,0
436,Daniel H. Wells,Orson F. Whitney,0
437,Daniel H. Wells,David O. McKay,0
438,Daniel H. Wells,Kit Carson,0
439,Daniel H. Wells,William H. King,0
440,Daniel H. Wells,Emmeline B. Wells,0
441,Daniel H. Wells,Andrew Jenson,0
442,Daniel H. Wells,Grover Cleveland,0
443,Daniel H. Wells,Charles Kelly,0
444,Daniel H. Wells,Frank J. Cannon,0
445,Reed Smoot,John D. Lee,0
446,Reed Smoot,Heber J. Grant,5
447,Reed Smoot,John Wesley Powell,0
448,Reed Smoot,Jacob Hamblin,0
449,Reed Smoot,Theodore Roosevelt,7
450,Reed Smoot,Abraham Lincoln,0
451,Reed Smoot,James Buchanan,0
452,Reed Smoot,Parley P. Pratt,0
453,Reed Smoot,B. H. Roberts,3
454,Reed Smoot,Simon Bamberger,3
455,Reed Smoot,Franklin D. Richards,0
456,Reed Smoot,Lorenzo Snow,1
457,Reed Smoot,Heber M. Wells,0
458,Reed Smoot,Franklin D. Roosevelt,1
459,Reed Smoot,William Spry,5
460,Reed Smoot,Thomas Kearns,6
461,Reed Smoot,Willard Richards,0
462,Reed Smoot,Orson Hyde,0
463,Reed Smoot,Uncle Sam,0
464,Reed Smoot,Lot Smith,0
465,Reed Smoot,Albert Sidney Johnston,0
466,Reed Smoot,Woodrow Wilson,2
467,Reed Smoot,Juanita Brooks,0
468,Reed Smoot,Thomas L. Kane,0
469,Reed Smoot,Jim Bridger,0
470,Reed Smoot,John C. Fremont,0
471,Reed Smoot,Leonard Arrington,0
472,Reed Smoot,Howard Stansbury,0
473,Reed Smoot,John T. Caine,0
474,Reed Smoot,Erastus Snow,0
475,Reed Smoot,Orson F. Whitney,0
476,Reed Smoot,David O. McKay,0
477,Reed Smoot,Kit Carson,0
478,Reed Smoot,William H. King,9
479,Reed Smoot,Emmeline B. Wells,1
480,Reed Smoot,Andrew Jenson,0
481,Reed Smoot,Grover Cleveland,1
482,Reed Smoot,Charles Kelly,0
483,Reed Smoot,Frank J. Cannon,2
484,John D. Lee,Heber J. Grant,0
485,John D. Lee,John Wesley Powell,2
486,John D. Lee,Jacob Hamblin,12
487,John D. Lee,Theodore Roosevelt,0
488,John D. Lee,Abraham Lincoln,0
489,John D. Lee,James Buchanan,0
490,John D. Lee,Parley P. Pratt,1
491,John D. Lee,B. H. Roberts,1
492,John D. Lee,Simon Bamberger,0
493,John D. Lee,Franklin D. Richards,1
494,John D. Lee,Lorenzo Snow,0
495,John D. Lee,Heber M. Wells,0
496,John D. Lee,Franklin D. Roosevelt,0
497,John D. Lee,William Spry,0
498,John D. Lee,Thomas Kearns,0
499,John D. Lee,Willard Richards,0
500,John D. Lee,Orson Hyde,0
501,John D. Lee,Uncle Sam,0
502,John D. Lee,Lot Smith,0
503,John D. Lee,Albert Sidney Johnston,0
504,John D. Lee,Woodrow Wilson,0
505,John D. Lee,Juanita Brooks,5
506,John D. Lee,Thomas L. Kane,0
507,John D. Lee,Jim Bridger,0
508,John D. Lee,John C. Fremont,0
509,John D. Lee,Leonard Arrington,0
510,John D. Lee,Howard Stansbury,0
511,John D. Lee,John T. Caine,0
512,John D. Lee,Erastus Snow,4
513,John D. Lee,Orson F. Whitney,1
514,John D. Lee,David O. McKay,0
515,John D. Lee,Kit Carson,0
516,John D. Lee,William H. King,0
517,John D. Lee,Emmeline B. Wells,1
518,John D. Lee,Andrew Jenson,0
519,John D. Lee,Grover Cleveland,0
520,John D. Lee,Charles Kelly,0
521,John D. Lee,Frank J. Cannon,0
522,Heber J. Grant,John Wesley Powell,0
523,Heber J. Grant,Jacob Hamblin,0
524,Heber J. Grant,Theodore Roosevelt,0
525,Heber J. Grant,Abraham Lincoln,0
526,Heber J. Grant,James Buchanan,0
527,Heber J. Grant,Parley P. Pratt,0
528,Heber J. Grant,B. H. Roberts,0
529,Heber J. Grant,Simon Bamberger,2
530,Heber J. Grant,Franklin D. Richards,0
531,Heber J. Grant,Lorenzo Snow,2
532,Heber J. Grant,Heber M. Wells,1
533,Heber J. Grant,Franklin D. Roosevelt,2
534,Heber J. Grant,William Spry,1
535,Heber J. Grant,Thomas Kearns,0
536,Heber J. Grant,Willard Richards,0
537,Heber J. Grant,Orson Hyde,0
538,Heber J. Grant,Uncle Sam,0
539,Heber J. Grant,Lot Smith,0
540,Heber J. Grant,Albert Sidney Johnston,0
541,Heber J. Grant,Woodrow Wilson,1
542,Heber J. Grant,Juanita Brooks,0
543,Heber J. Grant,Thomas L. Kane,0
544,Heber J. Grant,Jim Bridger,0
545,Heber J. Grant,John C. Fremont,0
546,Heber J. Grant,Leonard Arrington,0
547,Heber J. Grant,Howard Stansbury,0
548,Heber J. Grant,John T. Caine,0
549,Heber J. Grant,Erastus Snow,0
550,Heber J. Grant,Orson F. Whitney,0
551,Heber J. Grant,David O. McKay,7
552,Heber J. Grant,Kit Carson,0
553,Heber J. Grant,William H. King,0
554,Heber J. Grant,Emmeline B. Wells,0
555,Heber J. Grant,Andrew Jenson,0
556,Heber J. Grant,Grover Cleveland,0
557,Heber J. Grant,Charles Kelly,0
558,Heber J. Grant,Frank J. Cannon,0
559,John Wesley Powell,Jacob Hamblin,3
560,John Wesley Powell,Theodore Roosevelt,1
561,John Wesley Powell,Abraham Lincoln,0
562,John Wesley Powell,James Buchanan,0
563,John Wesley Powell,Parley P. Pratt,0
564,John Wesley Powell,B. H. Roberts,0
565,John Wesley Powell,Simon Bamberger,0
566,John Wesley Powell,Franklin D. Richards,0
567,John Wesley Powell,Lorenzo Snow,0
568,John Wesley Powell,Heber M. Wells,0
569,John Wesley Powell,Franklin D. Roosevelt,0
570,John Wesley Powell,William Spry,0
571,John Wesley Powell,Thomas Kearns,0
572,John Wesley Powell,Willard Richards,0
573,John Wesley Powell,Orson Hyde,0
574,John Wesley Powell,Uncle Sam,0
575,John Wesley Powell,Lot Smith,0
576,John Wesley Powell,Albert Sidney Johnston,0
577,John Wesley Powell,Woodrow Wilson,0
578,John Wesley Powell,Juanita Brooks,0
579,John Wesley Powell,Thomas L. Kane,0
580,John Wesley Powell,Jim Bridger,0
581,John Wesley Powell,John C. Fremont,0
582,John Wesley Powell,Leonard Arrington,0
583,John Wesley Powell,Howard Stansbury,1
584,John Wesley Powell,John T. Caine,1
585,John Wesley Powell,Erastus Snow,0
586,John Wesley Powell,Orson F. Whitney,0
587,John Wesley Powell,David O. McKay,0
588,John Wesley Powell,Kit Carson,0
589,John Wesley Powell,William H. King,0
590,John Wesley Powell,Emmeline B. Wells,0
591,John Wesley Powell,Andrew Jenson,0
592,John Wesley Powell,Grover Cleveland,0
593,John Wesley Powell,Charles Kelly,2
594,John Wesley Powell,Frank J. Cannon,0
595,Jacob Hamblin,Theodore Roosevelt,0
596,Jacob Hamblin,Abraham Lincoln,0
597,Jacob Hamblin,James Buchanan,0
598,Jacob Hamblin,Parley P. Pratt,1
599,Jacob Hamblin,B. H. Roberts,0
600,Jacob Hamblin,Simon Bamberger,0
601,Jacob Hamblin,Franklin D. Richards,0
602,Jacob Hamblin,Lorenzo Snow,0
603,Jacob Hamblin,Heber M. Wells,0
604,Jacob Hamblin,Franklin D. Roosevelt,0
605,Jacob Hamblin,William Spry,0
606,Jacob Hamblin,Thomas Kearns,0
607,Jacob Hamblin,Willard Richards,0
608,Jacob Hamblin,Orson Hyde,1
609,Jacob Hamblin,Uncle Sam,0
610,Jacob Hamblin,Lot Smith,0
611,Jacob Hamblin,Albert Sidney Johnston,0
612,Jacob Hamblin,Woodrow Wilson,0
613,Jacob Hamblin,Juanita Brooks,0
614,Jacob Hamblin,Thomas L. Kane,0
615,Jacob Hamblin,Jim Bridger,0
616,Jacob Hamblin,John C. Fremont,0
617,Jacob Hamblin,Leonard Arrington,0
618,Jacob Hamblin,Howard Stansbury,0
619,Jacob Hamblin,John T. Caine,0
620,Jacob Hamblin,Erastus Snow,4
621,Jacob Hamblin,Orson F. Whitney,1
622,Jacob Hamblin,David O. McKay,0
623,Jacob Hamblin,Kit Carson,0
624,Jacob Hamblin,William H. King,0
625,Jacob Hamblin,Emmeline B. Wells,0
626,Jacob Hamblin,Andrew Jenson,0
627,Jacob Hamblin,Grover Cleveland,0
628,Jacob Hamblin,Charles Kelly,0
629,Jacob Hamblin,Frank J. Cannon,0
630,Theodore Roosevelt,Abraham Lincoln,0
631,Theodore Roosevelt,James Buchanan,0
632,Theodore Roosevelt,Parley P. Pratt,0
633,Theodore Roosevelt,B. H. Roberts,0
634,Theodore Roosevelt,Simon Bamberger,0
635,Theodore Roosevelt,Franklin D. Richards,0
636,Theodore Roosevelt,Lorenzo Snow,0
637,Theodore Roosevelt,Heber M. Wells,1
638,Theodore Roosevelt,Franklin D. Roosevelt,1
639,Theodore Roosevelt,William Spry,0
640,Theodore Roosevelt,Thomas Kearns,0
641,Theodore Roosevelt,Willard Richards,0
642,Theodore Roosevelt,Orson Hyde,0
643,Theodore Roosevelt,Uncle Sam,0
644,Theodore Roosevelt,Lot Smith,0
645,Theodore Roosevelt,Albert Sidney Johnston,0
646,Theodore Roosevelt,Woodrow Wilson,7
647,Theodore Roosevelt,Juanita Brooks,0
648,Theodore Roosevelt,Thomas L. Kane,0
649,Theodore Roosevelt,Jim Bridger,0
650,Theodore Roosevelt,John C. Fremont,0
651,Theodore Roosevelt,Leonard Arrington,0
652,Theodore Roosevelt,Howard Stansbury,0
653,Theodore Roosevelt,John T. Caine,0
654,Theodore Roosevelt,Erastus Snow,0
655,Theodore Roosevelt,Orson F. Whitney,0
656,Theodore Roosevelt,David O. McKay,0
657,Theodore Roosevelt,Kit Carson,0
658,Theodore Roosevelt,William H. King,0
659,Theodore Roosevelt,Emmeline B. Wells,0
660,Theodore Roosevelt,Andrew Jenson,0
661,Theodore Roosevelt,Grover Cleveland,0
662,Theodore Roosevelt,Charles Kelly,0
663,Theodore Roosevelt,Frank J. Cannon,0
664,Abraham Lincoln,James Buchanan,4
665,Abraham Lincoln,Parley P. Pratt,0
666,Abraham Lincoln,B. H. Roberts,0
667,Abraham Lincoln,Simon Bamberger,0
668,Abraham Lincoln,Franklin D. Richards,0
669,Abraham Lincoln,Lorenzo Snow,0
670,Abraham Lincoln,Heber M. Wells,0
671,Abraham Lincoln,Franklin D. Roosevelt,0
672,Abraham Lincoln,William Spry,0
673,Abraham Lincoln,Thomas Kearns,0
674,Abraham Lincoln,Willard Richards,0
675,Abraham Lincoln,Orson Hyde,0
676,Abraham Lincoln,Uncle Sam,1
677,Abraham Lincoln,Lot Smith,2
678,Abraham Lincoln,Albert Sidney Johnston,0
679,Abraham Lincoln,Woodrow Wilson,0
680,Abraham Lincoln,Juanita Brooks,0
681,Abraham Lincoln,Thomas L. Kane,1
682,Abraham Lincoln,Jim Bridger,0
683,Abraham Lincoln,John C. Fremont,0
684,Abraham Lincoln,Leonard Arrington,0
685,Abraham Lincoln,Howard Stansbury,0
686,Abraham Lincoln,John T. Caine,0
687,Abraham Lincoln,Erastus Snow,0
688,Abraham Lincoln,Orson F. Whitney,0
689,Abraham Lincoln,David O. McKay,0
690,Abraham Lincoln,Kit Carson,0
691,Abraham Lincoln,William H. King,0
692,Abraham Lincoln,Emmeline B. Wells,0
693,Abraham Lincoln,Andrew Jenson,0
694,Abraham Lincoln,Grover Cleveland,1
695,Abraham Lincoln,Charles Kelly,0
696,Abraham Lincoln,Frank J. Cannon,0
697,James Buchanan,Parley P. Pratt,0
698,James Buchanan,B. H. Roberts,0
699,James Buchanan,Simon Bamberger,0
700,James Buchanan,Franklin D. Richards,0
701,James Buchanan,Lorenzo Snow,0
702,James Buchanan,Heber M. Wells,0
703,James Buchanan,Franklin D. Roosevelt,0
704,James Buchanan,William Spry,0
705,James Buchanan,Thomas Kearns,0
706,James Buchanan,Willard Richards,0
707,James Buchanan,Orson Hyde,0
708,James Buchanan,Uncle Sam,0
709,James Buchanan,Lot Smith,1
710,James Buchanan,Albert Sidney Johnston,7
711,James Buchanan,Woodrow Wilson,0
712,James Buchanan,Juanita Brooks,0
713,James Buchanan,Thomas L. Kane,5
714,James Buchanan,Jim Bridger,0
715,James Buchanan,John C. Fremont,1
716,James Buchanan,Leonard Arrington,0
717,James Buchanan,Howard Stansbury,0
718,James Buchanan,John T. Caine,0
719,James Buchanan,Erastus Snow,0
720,James Buchanan,Orson F. Whitney,0
721,James Buchanan,David O. McKay,0
722,James Buchanan,Kit Carson,0
723,James Buchanan,William H. King,0
724,James Buchanan,Emmeline B. Wells,0
725,James Buchanan,Andrew Jenson,0
726,James Buchanan,Grover Cleveland,0
727,James Buchanan,Charles Kelly,0
728,James Buchanan,Frank J. Cannon,0
729,Parley P. Pratt,B. H. Roberts,0
730,Parley P. Pratt,Simon Bamberger,0
731,Parley P. Pratt,Franklin D. Richards,0
732,Parley P. Pratt,Lorenzo Snow,0
733,Parley P. Pratt,Heber M. Wells,0
734,Parley P. Pratt,Franklin D. Roosevelt,0
735,Parley P. Pratt,William Spry,0
736,Parley P. Pratt,Thomas Kearns,0
737,Parley P. Pratt,Willard Richards,4
738,Parley P. Pratt,Orson Hyde,1
739,Parley P. Pratt,Uncle Sam,0
740,Parley P. Pratt,Lot Smith,0
741,Parley P. Pratt,Albert Sidney Johnston,0
742,Parley P. Pratt,Woodrow Wilson,0
743,Parley P. Pratt,Juanita Brooks,0
744,Parley P. Pratt,Thomas L. Kane,0
745,Parley P. Pratt,Jim Bridger,0
746,Parley P. Pratt,John C. Fremont,0
747,Parley P. Pratt,Leonard Arrington,0
748,Parley P. Pratt,Howard Stansbury,0
749,Parley P. Pratt,John T. Caine,1
750,Parley P. Pratt,Erastus Snow,0
751,Parley P. Pratt,Orson F. Whitney,0
752,Parley P. Pratt,David O. McKay,0
753,Parley P. Pratt,Kit Carson,0
754,Parley P. Pratt,William H. King,0
755,Parley P. Pratt,Emmeline B. Wells,0
756,Parley P. Pratt,Andrew Jenson,1
757,Parley P. Pratt,Grover Cleveland,0
758,Parley P. Pratt,Charles Kelly,0
759,Parley P. Pratt,Frank J. Cannon,1
760,B. H. Roberts,Simon Bamberger,1
761,B. H. Roberts,Franklin D. Richards,1
762,B. H. Roberts,Lorenzo Snow,1
763,B. H. Roberts,Heber M. Wells,1
764,B. H. Roberts,Franklin D. Roosevelt,0
765,B. H. Roberts,William Spry,0
766,B. H. Roberts,Thomas Kearns,0
767,B. H. Roberts,Willard Richards,0
768,B. H. Roberts,Orson Hyde,0
769,B. H. Roberts,Uncle Sam,0
770,B. H. Roberts,Lot Smith,0
771,B. H. Roberts,Albert Sidney Johnston,0
772,B. H. Roberts,Woodrow Wilson,1
773,B. H. Roberts,Juanita Brooks,1
774,B. H. Roberts,Thomas L. Kane,0
775,B. H. Roberts,Jim Bridger,0
776,B. H. Roberts,John C. Fremont,0
777,B. H. Roberts,Leonard Arrington,0
778,B. H. Roberts,Howard Stansbury,0
779,B. H. Roberts,John T. Caine,0
780,B. H. Roberts,Erastus Snow,0
781,B. H. Roberts,Orson F. Whitney,3
782,B. H. Roberts,David O. McKay,0
783,B. H. Roberts,Kit Carson,0
784,B. H. Roberts,William H. King,0
785,B. H. Roberts,Emmeline B. Wells,1
786,B. H. Roberts,Andrew Jenson,1
787,B. H. Roberts,Grover Cleveland,0
788,B. H. Roberts,Charles Kelly,0
789,B. H. Roberts,Frank J. Cannon,1
790,Simon Bamberger,Franklin D. Richards,0
791,Simon Bamberger,Lorenzo Snow,0
792,Simon Bamberger,Heber M. Wells,0
793,Simon Bamberger,Franklin D. Roosevelt,0
794,Simon Bamberger,William Spry,4
795,Simon Bamberger,Thomas Kearns,0
796,Simon Bamberger,Willard Richards,0
797,Simon Bamberger,Orson Hyde,0
798,Simon Bamberger,Uncle Sam,0
799,Simon Bamberger,Lot Smith,0
800,Simon Bamberger,Albert Sidney Johnston,0
801,Simon Bamberger,Woodrow Wilson,1
802,Simon Bamberger,Juanita Brooks,0
803,Simon Bamberger,Thomas L. Kane,0
804,Simon Bamberger,Jim Bridger,0
805,Simon Bamberger,John C. Fremont,0
806,Simon Bamberger,Leonard Arrington,0
807,Simon Bamberger,Howard Stansbury,0
808,Simon Bamberger,John T. Caine,0
809,Simon Bamberger,Erastus Snow,0
810,Simon Bamberger,Orson F. Whitney,0
811,Simon Bamberger,David O. McKay,1
812,Simon Bamberger,Kit Carson,0
813,Simon Bamberger,William H. King,4
814,Simon Bamberger,Emmeline B. Wells,1
815,Simon Bamberger,Andrew Jenson,0
816,Simon Bamberger,Grover Cleveland,0
817,Simon Bamberger,Charles Kelly,0
818,Simon Bamberger,Frank J. Cannon,0
819,Franklin D. Richards,Lorenzo Snow,5
820,Franklin D. Richards,Heber M. Wells,0
821,Franklin D. Richards,Franklin D. Roosevelt,0
822,Franklin D. Richards,William Spry,0
823,Franklin D. Richards,Thomas Kearns,0
824,Franklin D. Richards,Willard Richards,1
825,Franklin D. Richards,Orson Hyde,1
826,Franklin D. Richards,Uncle Sam,0
827,Franklin D. Richards,Lot Smith,1
828,Franklin D. Richards,Albert Sidney Johnston,0
829,Franklin D. Richards,Woodrow Wilson,0
830,Franklin D. Richards,Juanita Brooks,0
831,Franklin D. Richards,Thomas L. Kane,0
832,Franklin D. Richards,Jim Bridger,0
833,Franklin D. Richards,John C. Fremont,0
834,Franklin D. Richards,Leonard Arrington,0
835,Franklin D. Richards,Howard Stansbury,0
836,Franklin D. Richards,John T. Caine,2
837,Franklin D. Richards,Erastus Snow,4
838,Franklin D. Richards,Orson F. Whitney,1
839,Franklin D. Richards,David O. McKay,0
840,Franklin D. Richards,Kit Carson,0
841,Franklin D. Richards,William H. King,0
842,Franklin D. Richards,Emmeline B. Wells,0
843,Franklin D. Richards,Andrew Jenson,1
844,Franklin D. Richards,Grover Cleveland,0
845,Franklin D. Richards,Charles Kelly,0
846,Franklin D. Richards,Frank J. Cannon,0
847,Lorenzo Snow,Heber M. Wells,0
848,Lorenzo Snow,Franklin D. Roosevelt,0
849,Lorenzo Snow,William Spry,0
850,Lorenzo Snow,Thomas Kearns,0
851,Lorenzo Snow,Willard Richards,2
852,Lorenzo Snow,Orson Hyde,2
853,Lorenzo Snow,Uncle Sam,0
854,Lorenzo Snow,Lot Smith,0
855,Lorenzo Snow,Albert Sidney Johnston,0
856,Lorenzo Snow,Woodrow Wilson,0
857,Lorenzo Snow,Juanita Brooks,0
858,Lorenzo Snow,Thomas L. Kane,0
859,Lorenzo Snow,Jim Bridger,0
860,Lorenzo Snow,John C. Fremont,0
861,Lorenzo Snow,Leonard Arrington,1
862,Lorenzo Snow,Howard Stansbury,0
863,Lorenzo Snow,John T. Caine,0
864,Lorenzo Snow,Erastus Snow,3
865,Lorenzo Snow,Orson F. Whitney,0
866,Lorenzo Snow,David O. McKay,0
867,Lorenzo Snow,Kit Carson,0
868,Lorenzo Snow,William H. King,0
869,Lorenzo Snow,Emmeline B. Wells,0
870,Lorenzo Snow,Andrew Jenson,1
871,Lorenzo Snow,Grover Cleveland,0
872,Lorenzo Snow,Charles Kelly,0
873,Lorenzo Snow,Frank J. Cannon,0
874,Heber M. Wells,Franklin D. Roosevelt,0
875,Heber M. Wells,William Spry,0
876,Heber M. Wells,Thomas Kearns,0
877,Heber M. Wells,Willard Richards,0
878,Heber M. Wells,Orson Hyde,0
879,Heber M. Wells,Uncle Sam,0
880,Heber M. Wells,Lot Smith,0
881,Heber M. Wells,Albert Sidney Johnston,0
882,Heber M. Wells,Woodrow Wilson,0
883,Heber M. Wells,Juanita Brooks,0
884,Heber M. Wells,Thomas L. Kane,0
885,Heber M. Wells,Jim Bridger,0
886,Heber M. Wells,John C. Fremont,0
887,Heber M. Wells,Leonard Arrington,0
888,Heber M. Wells,Howard Stansbury,0
889,Heber M. Wells,John T. Caine,1
890,Heber M. Wells,Erastus Snow,0
891,Heber M. Wells,Orson F. Whitney,1
892,Heber M. Wells,David O. McKay,0
893,Heber M. Wells,Kit Carson,0
894,Heber M. Wells,William H. King,2
895,Heber M. Wells,Emmeline B. Wells,1
896,Heber M. Wells,Andrew Jenson,0
897,Heber M. Wells,Grover Cleveland,0
898,Heber M. Wells,Charles Kelly,0
899,Heber M. Wells,Frank J. Cannon,2
900,Franklin D. Roosevelt,William Spry,0
901,Franklin D. Roosevelt,Thomas Kearns,0
902,Franklin D. Roosevelt,Willard Richards,0
903,Franklin D. Roosevelt,Orson Hyde,0
904,Franklin D. Roosevelt,Uncle Sam,0
905,Franklin D. Roosevelt,Lot Smith,0
906,Franklin D. Roosevelt,Albert Sidney Johnston,0
907,Franklin D. Roosevelt,Woodrow Wilson,1
908,Franklin D. Roosevelt,Juanita Brooks,0
909,Franklin D. Roosevelt,Thomas L. Kane,0
910,Franklin D. Roosevelt,Jim Bridger,0
911,Franklin D. Roosevelt,John C. Fremont,0
912,Franklin D. Roosevelt,Leonard Arrington,0
913,Franklin D. Roosevelt,Howard Stansbury,0
914,Franklin D. Roosevelt,John T. Caine,0
915,Franklin D. Roosevelt,Erastus Snow,0
916,Franklin D. Roosevelt,Orson F. Whitney,0
917,Franklin D. Roosevelt,David O. McKay,1
918,Franklin D. Roosevelt,Kit Carson,0
919,Franklin D. Roosevelt,William H. King,1
920,Franklin D. Roosevelt,Emmeline B. Wells,0
921,Franklin D. Roosevelt,Andrew Jenson,0
922,Franklin D. Roosevelt,Grover Cleveland,0
923,Franklin D. Roosevelt,Charles Kelly,0
924,Franklin D. Roosevelt,Frank J. Cannon,0
925,William Spry,Thomas Kearns,0
926,William Spry,Willard Richards,0
927,William Spry,Orson Hyde,0
928,William Spry,Uncle Sam,0
929,William Spry,Lot Smith,0
930,William Spry,Albert Sidney Johnston,0
931,William Spry,Woodrow Wilson,2
932,William Spry,Juanita Brooks,0
933,William Spry,Thomas L. Kane,0
934,William Spry,Jim Bridger,0
935,William Spry,John C. Fremont,0
936,William Spry,Leonard Arrington,0
937,William Spry,Howard Stansbury,0
938,William Spry,John T. Caine,0
939,William Spry,Erastus Snow,0
940,William Spry,Orson F. Whitney,0
941,William Spry,David O. McKay,0
942,William Spry,Kit Carson,0
943,William Spry,William H. King,2
944,William Spry,Emmeline B. Wells,0
945,William Spry,Andrew Jenson,0
946,William Spry,Grover Cleveland,0
947,William Spry,Charles Kelly,0
948,William Spry,Frank J. Cannon,1
949,Thomas Kearns,Willard Richards,0
950,Thomas Kearns,Orson Hyde,0
951,Thomas Kearns,Uncle Sam,0
952,Thomas Kearns,Lot Smith,0
953,Thomas Kearns,Albert Sidney Johnston,0
954,Thomas Kearns,Woodrow Wilson,0
955,Thomas Kearns,Juanita Brooks,1
956,Thomas Kearns,Thomas L. Kane,0
957,Thomas Kearns,Jim Bridger,0
958,Thomas Kearns,John C. Fremont,0
959,Thomas Kearns,Leonard Arrington,0
960,Thomas Kearns,Howard Stansbury,0
961,Thomas Kearns,John T. Caine,0
962,Thomas Kearns,Erastus Snow,0
963,Thomas Kearns,Orson F. Whitney,0
964,Thomas Kearns,David O. McKay,0
965,Thomas Kearns,Kit Carson,0
966,Thomas Kearns,William H. King,0
967,Thomas Kearns,Emmeline B. Wells,0
968,Thomas Kearns,Andrew Jenson,0
969,Thomas Kearns,Grover Cleveland,0
970,Thomas Kearns,Charles Kelly,1
971,Thomas Kearns,Frank J. Cannon,1
972,Willard Richards,Orson Hyde,1
973,Willard Richards,Uncle Sam,0
974,Willard Richards,Lot Smith,0
975,Willard Richards,Albert Sidney Johnston,0
976,Willard Richards,Woodrow Wilson,0
977,Willard Richards,Juanita Brooks,0
978,Willard Richards,Thomas L. Kane,0
979,Willard Richards,Jim Bridger,0
980,Willard Richards,John C. Fremont,0
981,Willard Richards,Leonard Arrington,0
982,Willard Richards,Howard Stansbury,0
983,Willard Richards,John T. Caine,0
984,Willard Richards,Erastus Snow,1
985,Willard Richards,Orson F. Whitney,0
986,Willard Richards,David O. McKay,0
987,Willard Richards,Kit Carson,0
988,Willard Richards,William H. King,0
989,Willard Richards,Emmeline B. Wells,0
990,Willard Richards,Andrew Jenson,0
991,Willard Richards,Grover Cleveland,0
992,Willard Richards,Charles Kelly,0
993,Willard Richards,Frank J. Cannon,0
994,Orson Hyde,Uncle Sam,0
995,Orson Hyde,Lot Smith,0
996,Orson Hyde,Albert Sidney Johnston,0
997,Orson Hyde,Woodrow Wilson,0
998,Orson Hyde,Juanita Brooks,0
999,Orson Hyde,Thomas L. Kane,0
1000,Orson Hyde,Jim Bridger,0
1001,Orson Hyde,John C. Fremont,0
1002,Orson Hyde,Leonard Arrington,0
1003,Orson Hyde,Howard Stansbury,0
1004,Orson Hyde,John T. Caine,0
1005,Orson Hyde,Erastus Snow,1
1006,Orson Hyde,Orson F. Whitney,0
1007,Orson Hyde,David O. McKay,0
1008,Orson Hyde,Kit Carson,1
1009,Orson Hyde,William H. King,0
1010,Orson Hyde,Emmeline B. Wells,0
1011,Orson Hyde,Andrew Jenson,0
1012,Orson Hyde,Grover Cleveland,0
1013,Orson Hyde,Charles Kelly,0
1014,Orson Hyde,Frank J. Cannon,0
1015,Uncle Sam,Lot Smith,1
1016,Uncle Sam,Albert Sidney Johnston,0
1017,Uncle Sam,Woodrow Wilson,0
1018,Uncle Sam,Juanita Brooks,0
1019,Uncle Sam,Thomas L. Kane,0
1020,Uncle Sam,Jim Bridger,0
1021,Uncle Sam,John C. Fremont,0
1022,Uncle Sam,Leonard Arrington,0
1023,Uncle Sam,Howard Stansbury,0
1024,Uncle Sam,John T. Caine,0
1025,Uncle Sam,Erastus Snow,1
1026,Uncle Sam,Orson F. Whitney,0
1027,Uncle Sam,David O. McKay,0
1028,Uncle Sam,Kit Carson,1
1029,Uncle Sam,William H. King,0
1030,Uncle Sam,Emmeline B. Wells,0
1031,Uncle Sam,Andrew Jenson,0
1032,Uncle Sam,Grover Cleveland,1
1033,Uncle Sam,Charles Kelly,0
1034,Uncle Sam,Frank J. Cannon,0
1035,Lot Smith,Albert Sidney Johnston,2
1036,Lot Smith,Woodrow Wilson,0
1037,Lot Smith,Juanita Brooks,0
1038,Lot Smith,Thomas L. Kane,1
1039,Lot Smith,Jim Bridger,1
1040,Lot Smith,John C. Fremont,1
1041,Lot Smith,Leonard Arrington,0
1042,Lot Smith,Howard Stansbury,1
1043,Lot Smith,John T. Caine,0
1044,Lot Smith,Erastus Snow,1
1045,Lot Smith,Orson F. Whitney,0
1046,Lot Smith,David O. McKay,0
1047,Lot Smith,Kit Carson,1
1048,Lot Smith,William H. King,0
1049,Lot Smith,Emmeline B. Wells,0
1050,Lot Smith,Andrew Jenson,0
1051,Lot Smith,Grover Cleveland,0
1052,Lot Smith,Charles Kelly,0
1053,Lot Smith,Frank J. Cannon,0
1054,Albert Sidney Johnston,Woodrow Wilson,0
1055,Albert Sidney Johnston,Juanita Brooks,0
1056,Albert Sidney Johnston,Thomas L. Kane,3
1057,Albert Sidney Johnston,Jim Bridger,1
1058,Albert Sidney Johnston,John C. Fremont,0
1059,Albert Sidney Johnston,Leonard Arrington,0
1060,Albert Sidney Johnston,Howard Stansbury,0
1061,Albert Sidney Johnston,John T. Caine,0
1062,Albert Sidney Johnston,Erastus Snow,0
1063,Albert Sidney Johnston,Orson F. Whitney,0
1064,Albert Sidney Johnston,David O. McKay,0
1065,Albert Sidney Johnston,Kit Carson,0
1066,Albert Sidney Johnston,William H. King,0
1067,Albert Sidney Johnston,Emmeline B. Wells,0
1068,Albert Sidney Johnston,Andrew Jenson,0
1069,Albert Sidney Johnston,Grover Cleveland,0
1070,Albert Sidney Johnston,Charles Kelly,0
1071,Albert Sidney Johnston,Frank J. Cannon,0
1072,Woodrow Wilson,Juanita Brooks,0
1073,Woodrow Wilson,Thomas L. Kane,0
1074,Woodrow Wilson,Jim Bridger,0
1075,Woodrow Wilson,John C. Fremont,0
1076,Woodrow Wilson,Leonard Arrington,0
1077,Woodrow Wilson,Howard Stansbury,0
1078,Woodrow Wilson,John T. Caine,0
1079,Woodrow Wilson,Erastus Snow,0
1080,Woodrow Wilson,Orson F. Whitney,0
1081,Woodrow Wilson,David O. McKay,0
1082,Woodrow Wilson,Kit Carson,0
1083,Woodrow Wilson,William H. King,1
1084,Woodrow Wilson,Emmeline B. Wells,0
1085,Woodrow Wilson,Andrew Jenson,0
1086,Woodrow Wilson,Grover Cleveland,0
1087,Woodrow Wilson,Charles Kelly,0
1088,Woodrow Wilson,Frank J. Cannon,0
1089,Juanita Brooks,Thomas L. Kane,0
1090,Juanita Brooks,Jim Bridger,0
1091,Juanita Brooks,John C. Fremont,0
1092,Juanita Brooks,Leonard Arrington,2
1093,Juanita Brooks,Howard Stansbury,0
1094,Juanita Brooks,John T. Caine,0
1095,Juanita Brooks,Erastus Snow,2
1096,Juanita Brooks,Orson F. Whitney,0
1097,Juanita Brooks,David O. McKay,0
1098,Juanita Brooks,Kit Carson,0
1099,Juanita Brooks,William H. King,0
1100,Juanita Brooks,Emmeline B. Wells,0
1101,Juanita Brooks,Andrew Jenson,0
1102,Juanita Brooks,Grover Cleveland,0
1103,Juanita Brooks,Charles Kelly,6
1104,Juanita Brooks,Frank J. Cannon,0
1105,Thomas L. Kane,Jim Bridger,0
1106,Thomas L. Kane,John C. Fremont,0
1107,Thomas L. Kane,Leonard Arrington,0
1108,Thomas L. Kane,Howard Stansbury,0
1109,Thomas L. Kane,John T. Caine,0
1110,Thomas L. Kane,Erastus Snow,0
1111,Thomas L. Kane,Orson F. Whitney,0
1112,Thomas L. Kane,David O. McKay,0
1113,Thomas L. Kane,Kit Carson,0
1114,Thomas L. Kane,William H. King,0
1115,Thomas L. Kane,Emmeline B. Wells,0
1116,Thomas L. Kane,Andrew Jenson,0
1117,Thomas L. Kane,Grover Cleveland,0
1118,Thomas L. Kane,Charles Kelly,0
1119,Thomas L. Kane,Frank J. Cannon,0
1120,Jim Bridger,John C. Fremont,0
1121,Jim Bridger,Leonard Arrington,0
1122,Jim Bridger,Howard Stansbury,0
1123,Jim Bridger,John T. Caine,0
1124,Jim Bridger,Erastus Snow,0
1125,Jim Bridger,Orson F. Whitney,0
1126,Jim Bridger,David O. McKay,0
1127,Jim Bridger,Kit Carson,4
1128,Jim Bridger,William H. King,0
1129,Jim Bridger,Emmeline B. Wells,0
1130,Jim Bridger,Andrew Jenson,0
1131,Jim Bridger,Grover Cleveland,0
1132,Jim Bridger,Charles Kelly,0
1133,Jim Bridger,Frank J. Cannon,0
1134,John C. Fremont,Leonard Arrington,0
1135,John C. Fremont,Howard Stansbury,6
1136,John C. Fremont,John T. Caine,0
1137,John C. Fremont,Erastus Snow,0
1138,John C. Fremont,Orson F. Whitney,0
1139,John C. Fremont,David O. McKay,0
1140,John C. Fremont,Kit Carson,5
1141,John C. Fremont,William H. King,0
1142,John C. Fremont,Emmeline B. Wells,0
1143,John C. Fremont,Andrew Jenson,0
1144,John C. Fremont,Grover Cleveland,0
1145,John C. Fremont,Charles Kelly,0
1146,John C. Fremont,Frank J. Cannon,0
1147,Leonard Arrington,Howard Stansbury,0
1148,Leonard Arrington,John T. Caine,0
1149,Leonard Arrington,Erastus Snow,0
1150,Leonard Arrington,Orson F. Whitney,0
1151,Leonard Arrington,David O. McKay,0
1152,Leonard Arrington,Kit Carson,0
1153,Leonard Arrington,William H. King,0
1154,Leonard Arrington,Emmeline B. Wells,0
1155,Leonard Arrington,Andrew Jenson,0
1156,Leonard Arrington,Grover Cleveland,0
1157,Leonard Arrington,Charles Kelly,1
1158,Leonard Arrington,Frank J. Cannon,0
1159,Howard Stansbury,John T. Caine,0
1160,Howard Stansbury,Erastus Snow,0
1161,Howard Stansbury,Orson F. Whitney,0
1162,Howard Stansbury,David O. McKay,0
1163,Howard Stansbury,Kit Carson,1
1164,Howard Stansbury,William H. King,0
1165,Howard Stansbury,Emmeline B. Wells,0
1166,Howard Stansbury,Andrew Jenson,0
1167,Howard Stansbury,Grover Cleveland,0
1168,Howard Stansbury,Charles Kelly,0
1169,Howard Stansbury,Frank J. Cannon,0
1170,John T. Caine,Erastus Snow,0
1171,John T. Caine,Orson F. Whitney,3
1172,John T. Caine,David O. McKay,0
1173,John T. Caine,Kit Carson,0
1174,John T. Caine,William H. King,0
1175,John T. Caine,Emmeline B. Wells,1
1176,John T. Caine,Andrew Jenson,1
1177,John T. Caine,Grover Cleveland,2
1178,John T. Caine,Charles Kelly,0
1179,John T. Caine,Frank J. Cannon,1
1180,Erastus Snow,Orson F. Whitney,0
1181,Erastus Snow,David O. McKay,0
1182,Erastus Snow,Kit Carson,0
1183,Erastus Snow,William H. King,0
1184,Erastus Snow,Emmeline B. Wells,0
1185,Erastus Snow,Andrew Jenson,0
1186,Erastus Snow,Grover Cleveland,0
1187,Erastus Snow,Charles Kelly,0
1188,Erastus Snow,Frank J. Cannon,0
1189,Orson F. Whitney,David O. McKay,0
1190,Orson F. Whitney,Kit Carson,0
1191,Orson F. Whitney,William H. King,1
1192,Orson F. Whitney,Emmeline B. Wells,0
1193,Orson F. Whitney,Andrew Jenson,1
1194,Orson F. Whitney,Grover Cleveland,0
1195,Orson F. Whitney,Charles Kelly,0
1196,Orson F. Whitney,Frank J. Cannon,1
1197,David O. McKay,Kit Carson,0
1198,David O. McKay,William H. King,0
1199,David O. McKay,Emmeline B. Wells,0
1200,David O. McKay,Andrew Jenson,0
1201,David O. McKay,Grover Cleveland,0
1202,David O. McKay,Charles Kelly,0
1203,David O. McKay,Frank J. Cannon,0
1204,Kit Carson,William H. King,0
1205,Kit Carson,Emmeline B. Wells,0
1206,Kit Carson,Andrew Jenson,0
1207,Kit Carson,Grover Cleveland,0
1208,Kit Carson,Charles Kelly,0
1209,Kit Carson,Frank J. Cannon,0
1210,William H. King,Emmeline B. Wells,0
1211,William H. King,Andrew Jenson,0
1212,William H. King,Grover Cleveland,0
1213,William H. King,Charles Kelly,0
1214,William H. King,Frank J. Cannon,2
1215,Emmeline B. Wells,Andrew Jenson,0
1216,Emmeline B. Wells,Grover Cleveland,0
1217,Emmeline B. Wells,Charles Kelly,0
1218,Emmeline B. Wells,Frank J. Cannon,0
1219,Andrew Jenson,Grover Cleveland,0
1220,Andrew Jenson,Charles Kelly,0
1221,Andrew Jenson,Frank J. Cannon,0
1222,Grover Cleveland,Charles Kelly,0
1223,Grover Cleveland,Frank J. Cannon,0
1224,Charles Kelly,Frank J. Cannon,0
